
INSERT INTO Types (Type, Kind) VALUES ('BUILDING_NEUSCHWANSTEIN', 'KIND_BUILDING');

INSERT INTO Buildings (BuildingType, Name, Description, PrereqTech, Cost, AdvisorType, MaxWorldInstances, IsWonder, RequiresPlacement, Quote)
VALUES ('BUILDING_NEUSCHWANSTEIN', 'LOC_BUILDING_NEUSCHWANSTEIN_NAME', 'LOC_BUILDING_NEUSCHWANSTEIN_DESCRIPTION', 'TECH_BANKING', 999, 'ADVISOR_CULTURE', '1', 1, 1, 'LOC_BUILDING_NEUSCHWANSTEIN_QUOTE');

INSERT INTO Building_GreatPersonPoints (BuildingType, GreatPersonClassType, PointsPerTurn)
VALUES ('BUILDING_NEUSCHWANSTEIN', 'GREAT_PERSON_CLASS_MUSICIAN', '3');

INSERT INTO Building_GreatWorks (BuildingType, GreatWorkSlotType, NumSlots) VALUES ('BUILDING_NEUSCHWANSTEIN', 'GREATWORKSLOT_MUSIC', '2');

--Building_ValidTerrains
INSERT INTO Building_ValidTerrains (BuildingType, TerrainType) VALUES ('BUILDING_NEUSCHWANSTEIN', 'TERRAIN_GRASS_HILLS');
INSERT INTO Building_ValidTerrains (BuildingType, TerrainType) VALUES ('BUILDING_NEUSCHWANSTEIN', 'TERRAIN_PLAINS_HILLS');
INSERT INTO Building_ValidTerrains (BuildingType, TerrainType) VALUES ('BUILDING_NEUSCHWANSTEIN', 'TERRAIN_TUNDRA_HILLS');
INSERT INTO Building_ValidTerrains (BuildingType, TerrainType) VALUES ('BUILDING_NEUSCHWANSTEIN', 'TERRAIN_SNOW_HILLS');
INSERT INTO Building_ValidTerrains (BuildingType, TerrainType) VALUES ('BUILDING_NEUSCHWANSTEIN', 'TERRAIN_DESERT_HILLS');


--Any City with Medieval or Renaissance Walls yields + 2 Culture, + 2 Gold, +1 Amenities

INSERT INTO RequirementSets (RequirementSetId, RequirementSetType) VALUES ('CITY_HAS_MED_OR_REN_WALLS_REQUIREMENTS', 'REQUIREMENTSET_TEST_ANY');

INSERT INTO RequirementSetRequirements (RequirementSetId, RequirementId) VALUES ('CITY_HAS_MED_OR_REN_WALLS_REQUIREMENTS', 'REQUIRES_CITY_HAS_MEDIEVAL_WALLS');

INSERT INTO RequirementSetRequirements (RequirementSetId, RequirementId) VALUES ('CITY_HAS_MED_OR_REN_WALLS_REQUIREMENTS', 'REQUIRES_CITY_HAS_RENAISSANCE_WALLS');


INSERT INTO RequirementSets (RequirementSetId, RequirementSetType) VALUES ('CITY_HAS_NEUSCHWANSTEIN_REQUIREMENTS', 'REQUIREMENTSET_TEST_ALL');

INSERT INTO RequirementSetRequirements (RequirementSetId, RequirementId) VALUES ('CITY_HAS_NEUSCHWANSTEIN_REQUIREMENTS', 'REQUIRES_CITY_HAS_NEUSCHWANSTEIN');

INSERT INTO Requirements (RequirementId, RequirementType) VALUES ('REQUIRES_CITY_HAS_NEUSCHWANSTEIN', 'REQUIREMENT_CITY_HAS_BUILDING');

INSERT INTO RequirementArguments (RequirementId, Name, Value) VALUES ('REQUIRES_CITY_HAS_NEUSCHWANSTEIN', 'BuildingType', 'BUILDING_NEUSCHWANSTEIN');


INSERT INTO Modifiers (ModifierId, ModifierType, SubjectRequirementSetId)
VALUES ('NEUSCHWANSTEIN_WALLS_CULTURE', 'MODIFIER_ALL_CITIES_ATTACH_MODIFIER', 'CITY_HAS_NEUSCHWANSTEIN_REQUIREMENTS');

INSERT INTO Modifiers (ModifierId, ModifierType, SubjectRequirementSetId)
VALUES ('NEUSCHWANSTEIN_WALLS_CULTURE_MODIFIER', 'MODIFIER_SINGLE_CITY_ADJUST_YIELD_CHANGE', 'CITY_HAS_MED_OR_REN_WALLS_REQUIREMENTS');

INSERT INTO Modifiers (ModifierId, ModifierType, SubjectRequirementSetId)
VALUES ('NEUSCHWANSTEIN_WALLS_GOLD', 'MODIFIER_ALL_CITIES_ATTACH_MODIFIER', 'CITY_HAS_NEUSCHWANSTEIN_REQUIREMENTS');

INSERT INTO Modifiers (ModifierId, ModifierType, SubjectRequirementSetId)
VALUES ('NEUSCHWANSTEIN_WALLS_GOLD_MODIFIER', 'MODIFIER_SINGLE_CITY_ADJUST_YIELD_CHANGE', 'CITY_HAS_MED_OR_REN_WALLS_REQUIREMENTS');

INSERT INTO Modifiers (ModifierId, ModifierType, SubjectRequirementSetId)
VALUES ('NEUSCHWANSTEIN_WALLS_AMENITY', 'MODIFIER_ALL_CITIES_ATTACH_MODIFIER', 'CITY_HAS_NEUSCHWANSTEIN_REQUIREMENTS');

INSERT INTO Modifiers (ModifierId, ModifierType, SubjectRequirementSetId)
VALUES ('NEUSCHWANSTEIN_WALLS_AMENITY_MODIFIER', 'MODIFIER_SINGLE_CITY_ADJUST_CITY_AMENITIES_FROM_GREAT_PEOPLE', 'CITY_HAS_MED_OR_REN_WALLS_REQUIREMENTS');


INSERT INTO ModifierArguments (ModifierId, Name, Value) VALUES ('NEUSCHWANSTEIN_WALLS_CULTURE', 'ModifierId', 'NEUSCHWANSTEIN_WALLS_CULTURE_MODIFIER');

INSERT INTO ModifierArguments (ModifierId, Name, Value) VALUES ('NEUSCHWANSTEIN_WALLS_CULTURE_MODIFIER', 'YieldType', 'YIELD_CULTURE');

INSERT INTO ModifierArguments (ModifierId, Name, Value) VALUES ('NEUSCHWANSTEIN_WALLS_CULTURE_MODIFIER', 'Amount', '2');

INSERT INTO ModifierArguments (ModifierId, Name, Value) VALUES ('NEUSCHWANSTEIN_WALLS_GOLD', 'ModifierId', 'NEUSCHWANSTEIN_WALLS_CULTURE_MODIFIER');

INSERT INTO ModifierArguments (ModifierId, Name, Value) VALUES ('NEUSCHWANSTEIN_WALLS_GOLD_MODIFIER', 'YieldType', 'YIELD_GOLD');

INSERT INTO ModifierArguments (ModifierId, Name, Value) VALUES ('NEUSCHWANSTEIN_WALLS_GOLD_MODIFIER', 'Amount', '2');

INSERT INTO ModifierArguments (ModifierId, Name, Value) VALUES ('NEUSCHWANSTEIN_WALLS_AMENITY', 'ModifierId', 'NEUSCHWANSTEIN_WALLS_AMENITY_MODIFIER');

INSERT INTO ModifierArguments (ModifierId, Name, Value) VALUES ('NEUSCHWANSTEIN_WALLS_AMENITY_MODIFIER', 'Amount', '1');
